id;jobnumber;vehicleid;vehiclenumber;millage;nextmillage;nextservicedate;vehicletypeid;jobtypeid;jobtypename;jobopenby;jobopentime;lmu;lmd;specialrquirments;specialinstructions;remarks;nextserviceinstructions;lastserviceinstructions;isadvisorchecked;isempallocated;jobclosetime;isjobclose;isfeedback;feedbackstatusid;customername;customertel;customerid;advisorfinalcheck;jobdate;iscompanyservice;freeservicenumber;companyid;updatetocustomer;nextgearoilmilage;isjobinvoiced;iswaiting;iscustomercomment;imagefolder;frontimage;leftimage;rightimage;backimage;dashboardimage
1;30995;5464;even lest fooey;13051.61;24253.86;2024-08-20;3861;1639;strident ack;11010;2024-08-19T11:37:26;19573;2024-08-19T20:11:05;aircraft;er off nor;simple disloyal given;wonderfully;foolhardy consequently;true;false;2024-08-20T01:12:08;false;false;19977;culture red;gah yellow;18031;false;2024-08-19T09:33:24;true;defiantly almost tensely;20530;false;mesh seldom;true;false;false;bliss lightly;sock uh-huh inasmuch;pasta covenant for;scuttle proceed;versus;awful ha
2;1076;28431;cop-out;28889.54;1589.1;2024-08-20;25354;25270;cod;32251;2024-08-19T19:41:40;20754;2024-08-19T13:54:34;programme infinite;searchingly even;yahoo recovery;reclassify delightfully;yahoo sticker deceivingly;true;false;2024-08-19T19:42:50;false;true;32109;granular er likewise;recklessly;6178;true;2024-08-19T15:10:44;false;yum;14784;true;however per sizzle;true;true;true;boohoo psst yahoo;beside;how;never psst mockingly;yahoo disk;once cross-contamination square
3;2825;19135;like;20955.27;28106.88;2024-08-19;1079;4938;about midst forenenst;24583;2024-08-19T14:31:31;7042;2024-08-20T01:03:25;inasmuch ecliptic mesh;yahoo anenst until;wise after equal;sprinkles roughly;incidentally;true;true;2024-08-19T08:13:03;false;true;6815;incidentally ugh;enroll grounded until;394;true;2024-08-20T05:34:55;true;for;4554;true;carefully how;false;true;false;anti;surge pick toward;napkin zowie how;loosely about as;mortar onto hence;within consequently mmm
4;23471;17010;aw;22851.07;9107.68;2024-08-19;19340;13527;boohoo underneath;4039;2024-08-20T05:33:36;1331;2024-08-19T21:25:30;a;moment;dress;joint so thorough;yahoo immaculate yet;false;false;2024-08-19T16:07:08;false;true;21674;coarse;behind;18728;false;2024-08-19T15:32:14;true;tighten coarse;1107;false;consequently;true;false;false;anenst the;viciously chime neglect;riser exaggerate;deliberately educated;drum amongst concerning;before besides officially
5;16153;12387;puff gracefully instead;2541.61;11078.35;2024-08-19;24619;2119;frightened following intently;25677;2024-08-20T06:20:21;10502;2024-08-20T01:15:22;castanet wretched behold;rigid;around waterspout downright;bowed collaborate sundae;sit;false;false;2024-08-19T17:53:33;true;false;32225;spring;ugh within clearly;8977;true;2024-08-19T09:43:43;true;hunger so;4744;false;sushi shabby like;false;true;true;majestically;bobble;wasabi left comb;forenenst hot;supposing godparent midst;excluding
6;11300;13995;neatly;1859.92;10331.17;2024-08-20;31094;8620;finally inculcate below;2556;2024-08-19T09:19:03;27974;2024-08-19T07:27:32;hm;lawful so;wherever obesity;against;ugh although;true;false;2024-08-19T16:46:32;true;false;3591;simple;phew shallow;24027;true;2024-08-20T04:49:11;true;saloon except;11328;true;simple married clonk;false;true;false;meh;psst;rigidly minority;around authentic obediently;tired;unzip
7;12218;534;agreeable;9230.97;2265.74;2024-08-20;17027;18571;overload up;29680;2024-08-19T22:00:49;22008;2024-08-19T10:50:43;bench hydrolyze pepper;barring however;kissingly careless by;over in;so;true;false;2024-08-19T18:10:51;false;true;30130;circa cruelly;to on;13292;false;2024-08-20T04:58:37;false;stark;9329;true;duh;false;true;false;inwardly hollow;aside substantiate monstrous;avalanche pillbox think;costume;heavily last lest;nor esteemed silent
8;17836;9981;bleakly especially;28231.2;32106.84;2024-08-19;20669;26203;mantua adjudge;11921;2024-08-19T22:58:55;21276;2024-08-19T17:42:05;heavenly that offensively;duh yippee;brr reckless;in;resort resort;false;true;2024-08-20T00:24:16;false;true;4058;barge;failing rigid;7859;false;2024-08-20T06:36:00;true;unlike even;15695;true;intervention ouch;false;false;true;whoever failing rot;instead dial;which;keenly absent;lest exalted uh-huh;than fondly subtract
9;17261;8010;pecan along widow;18029.78;15183.37;2024-08-20;1;9058;propound;5788;2024-08-19T21:00:35;6842;2024-08-19T15:56:36;pfft hydrolyse;edge;hole;seriously apud ordinary;indeed or huzzah;true;true;2024-08-19T17:54:28;false;false;21554;certainly first;depend;1614;true;2024-08-20T04:05:17;false;lest;19352;false;at;false;true;true;unless joint;violently;bludgeon whoever;maul;rebuild blah ultimately;passionate truthfully
10;4369;16024;stabilise animated;13501.64;32728.48;2024-08-20;2368;8277;chatter lobotomise eventually;5432;2024-08-19T07:36:09;17834;2024-08-20T03:04:57;lest except;kindly ew;lecture reboot;alarmed distinct but;availability;false;true;2024-08-20T00:25:14;false;true;947;wee meanwhile acknowledge;closed or;16777;true;2024-08-19T15:33:58;true;overburden untrue modulo;12318;true;huzzah;true;true;false;modulo skeletal;hmph supposing;sedately readily;hmph worth regularly;righteously towards;though
